COSMIC_ID,CELL_LINE_NAME,DRUG_NAME,LN_IC50
1000,CELL_1000,Bortezomib,-1.5052625257308065
1001,CELL_1001,Bortezomib,-0.5333203305424448
1002,CELL_1002,Bortezomib,
1003,CELL_1003,Bortezomib,1.8232128475676996
1004,CELL_1004,Bortezomib,4.386059696338232
1005,CELL_1005,Bortezomib,-2.0394642539014667
1006,CELL_1006,Bortezomib,0.9856607338145643
1007,CELL_1007,Bortezomib,-1.9291635171510801
1008,CELL_1008,Bortezomib,0.15462056974852745
1009,CELL_1009,Bortezomib,3.688410227121595
1010,CELL_1010,Bortezomib,1.8400610946371003
1011,CELL_1011,Bortezomib,
1012,CELL_1012,Bortezomib,1.4245242982973116
1013,CELL_1013,Bortezomib,2.809384226440438
1014,CELL_1014,Bortezomib,0.8874173626027039
1015,CELL_1015,Bortezomib,2.679428367858635
1016,CELL_1016,Bortezomib,2.961974284558338
1017,CELL_1017,Bortezomib,0.2195656525803774
1018,CELL_1018,Bortezomib,0.9277013826450388
1019,CELL_1019,Bortezomib,1.7495520131359021
1020,CELL_1020,Bortezomib,0.30656901456886965
1021,CELL_1021,Bortezomib,1.2184552802265576
1022,CELL_1022,Bortezomib,-0.022012682776602066
1023,CELL_1023,Bortezomib,3.803312259310644
1024,CELL_1024,Bortezomib,3.4258237293356357
1025,CELL_1025,Bortezomib,1.02794645569533
1026,CELL_1026,Bortezomib,
1027,CELL_1027,Bortezomib,
1028,CELL_1028,Bortezomib,
1029,CELL_1029,Bortezomib,0.04882099811618401
1030,CELL_1030,Bortezomib,2.200780523024264
1031,CELL_1031,Bortezomib,4.813860340342153
1032,CELL_1032,Bortezomib,2.3921619092466266
1033,CELL_1033,Bortezomib,-1.641491775596478
1034,CELL_1034,Bortezomib,
1035,CELL_1035,Bortezomib,0.6735336438282076
1036,CELL_1036,Bortezomib,1.160331451610928
1037,CELL_1037,Bortezomib,0.7625693375090776
1038,CELL_1038,Bortezomib,-0.5208510145278347
1039,CELL_1039,Bortezomib,0.9372609875305102
1040,CELL_1040,Bortezomib,0.31031306136523107
1041,CELL_1041,Bortezomib,0.0765825754892625
1042,CELL_1042,Bortezomib,-1.627945335990816
1043,CELL_1043,Bortezomib,
1044,CELL_1044,Bortezomib,0.009656242262360615
1045,CELL_1045,Bortezomib,3.670960884371459
1046,CELL_1046,Bortezomib,2.6158953970752776
1047,CELL_1047,Bortezomib,2.034125505948166
1048,CELL_1048,Bortezomib,5.024488936250181
1049,CELL_1049,Bortezomib,-0.2693937922243128
1050,CELL_1050,Bortezomib,2.886862106065135
1051,CELL_1051,Bortezomib,-1.909673455417059
1052,CELL_1052,Bortezomib,
1053,CELL_1053,Bortezomib,0.4625567080078432
1054,CELL_1054,Bortezomib,-2.0411284177217066
1055,CELL_1055,Bortezomib,1.2294974743105962
1056,CELL_1056,Bortezomib,-0.3303404748466241
1057,CELL_1057,Bortezomib,
1058,CELL_1058,Bortezomib,0.1423014946266271
1059,CELL_1059,Bortezomib,0.6482174643803047
1060,CELL_1060,Bortezomib,1.0786904990094703
1061,CELL_1061,Bortezomib,-0.21159502857770662
1062,CELL_1062,Bortezomib,1.964309620337882
1063,CELL_1063,Bortezomib,-2.018885822727276
1064,CELL_1064,Bortezomib,1.3339666778168453
1065,CELL_1065,Bortezomib,1.210321176133408
1066,CELL_1066,Bortezomib,-0.015328304416163618
1067,CELL_1067,Bortezomib,2.9389570069681312
1068,CELL_1068,Bortezomib,1.5410415454935615
1069,CELL_1069,Bortezomib,-0.7080330861904096
1070,CELL_1070,Bortezomib,6.005078974218638
1071,CELL_1071,Bortezomib,2.2804232475506256
1072,CELL_1072,Bortezomib,2.051648251390098
1073,CELL_1073,Bortezomib,-1.0375865238796123
1074,CELL_1074,Bortezomib,1.2411597571616304
1075,CELL_1075,Bortezomib,0.6948489186441504
1076,CELL_1076,Bortezomib,2.1356656864056482
1077,CELL_1077,Bortezomib,1.4842407112030038
1078,CELL_1078,Bortezomib,-0.4552132083670941
1079,CELL_1079,Bortezomib,2.3149582328046465
1080,CELL_1080,Bortezomib,-1.971412010901202
1081,CELL_1081,Bortezomib,2.4659808893031148
1082,CELL_1082,Bortezomib,2.2287047699271683
1083,CELL_1083,Bortezomib,-0.13990799896927908
1084,CELL_1084,Bortezomib,
1085,CELL_1085,Bortezomib,0.8736286205921769
1086,CELL_1086,Bortezomib,-1.5417994900327257
1087,CELL_1087,Bortezomib,1.0280029513807252
1088,CELL_1088,Bortezomib,2.809601085895544
1089,CELL_1089,Bortezomib,4.259119097146602
1090,CELL_1090,Bortezomib,3.7805263233882154
1091,CELL_1091,Bortezomib,4.124820997630093
1092,CELL_1092,Bortezomib,-0.0570329593974106
1093,CELL_1093,Bortezomib,1.756718889549855
1094,CELL_1094,Bortezomib,-0.1519235454493164
1095,CELL_1095,Bortezomib,1.6184997869671411
1096,CELL_1096,Bortezomib,2.688050249849894
1097,CELL_1097,Bortezomib,-1.8716895174753514
1098,CELL_1098,Bortezomib,3.256874683228724
1099,CELL_1099,Bortezomib,3.83617342794022
1100,CELL_1100,Bortezomib,-1.3241671047539145
1101,CELL_1101,Bortezomib,-1.4708409461798362
1102,CELL_1102,Bortezomib,1.8798113404198253
1103,CELL_1103,Bortezomib,
1104,CELL_1104,Bortezomib,0.1717031169486558
1105,CELL_1105,Bortezomib,2.156446234302094
1106,CELL_1106,Bortezomib,2.893050588238528
1107,CELL_1107,Bortezomib,-2.252330518007788
1108,CELL_1108,Bortezomib,
1109,CELL_1109,Bortezomib,1.1611001048423284
1110,CELL_1110,Bortezomib,1.3910799984745728
1111,CELL_1111,Bortezomib,-0.6441160921711961
1112,CELL_1112,Bortezomib,-1.39886312871952
1113,CELL_1113,Bortezomib,0.5055078595326272
1114,CELL_1114,Bortezomib,4.502119493147587
1115,CELL_1115,Bortezomib,1.9539179441559869
1116,CELL_1116,Bortezomib,3.142482823545278
1117,CELL_1117,Bortezomib,0.517501658311852
1118,CELL_1118,Bortezomib,0.9299382585134671
1119,CELL_1119,Bortezomib,
1120,CELL_1120,Bortezomib,0.2238215174822752
1121,CELL_1121,Bortezomib,3.1500988490985473
1122,CELL_1122,Bortezomib,-1.6299971493431902
1123,CELL_1123,Bortezomib,2.6211177652897915
1124,CELL_1124,Bortezomib,5.26257002422648
1125,CELL_1125,Bortezomib,1.6004693562839476
1126,CELL_1126,Bortezomib,1.099958851957147
1127,CELL_1127,Bortezomib,5.058334265962642
1128,CELL_1128,Bortezomib,4.306551032895843
1129,CELL_1129,Bortezomib,-0.20090760936280594
1130,CELL_1130,Bortezomib,3.0057876430196133
1131,CELL_1131,Bortezomib,-0.030040704364557413
1132,CELL_1132,Bortezomib,5.692839118047856
1133,CELL_1133,Bortezomib,3.2127259160232393
1134,CELL_1134,Bortezomib,
1135,CELL_1135,Bortezomib,2.3683020389277036
1136,CELL_1136,Bortezomib,1.074783194635068
1137,CELL_1137,Bortezomib,3.393795208788177
1138,CELL_1138,Bortezomib,-0.15410571757117486
1139,CELL_1139,Bortezomib,-0.7938695895814001
1140,CELL_1140,Bortezomib,3.546608379370008
1141,CELL_1141,Bortezomib,0.4416756708054521
1142,CELL_1142,Bortezomib,2.6197208862285555
1143,CELL_1143,Bortezomib,1.8945444208565667
1144,CELL_1144,Bortezomib,2.61537280213406
1145,CELL_1145,Bortezomib,2.338865441321566
1146,CELL_1146,Bortezomib,2.897370050009955
1147,CELL_1147,Bortezomib,-1.2778717522918446
1148,CELL_1148,Bortezomib,0.8004890069520687
1149,CELL_1149,Bortezomib,-1.7949259980628733
1150,CELL_1150,Bortezomib,3.658120679727464
1151,CELL_1151,Bortezomib,3.6946459999341865
1152,CELL_1152,Bortezomib,0.4171974080260653
1153,CELL_1153,Bortezomib,1.8162738732086616
1154,CELL_1154,Bortezomib,-1.474729874220777
1155,CELL_1155,Bortezomib,-2.865500893084248
1156,CELL_1156,Bortezomib,
1157,CELL_1157,Bortezomib,-1.656279571752676
1158,CELL_1158,Bortezomib,-0.8332445183026231
1159,CELL_1159,Bortezomib,2.9837090928397907
1160,CELL_1160,Bortezomib,4.0397460189011785
1161,CELL_1161,Bortezomib,1.4824516403711332
1162,CELL_1162,Bortezomib,0.7570445909547916
1163,CELL_1163,Bortezomib,3.890786958833235
1164,CELL_1164,Bortezomib,-0.46350314064938014
1165,CELL_1165,Bortezomib,1.099550035529333
1166,CELL_1166,Bortezomib,1.477958189288047
1167,CELL_1167,Bortezomib,4.844543362597225
1168,CELL_1168,Bortezomib,-0.4567894836547277
1169,CELL_1169,Bortezomib,2.924340080695637
1170,CELL_1170,Bortezomib,0.6327346644591565
1171,CELL_1171,Bortezomib,0.5309847719567697
1172,CELL_1172,Bortezomib,2.0223276003590134
1173,CELL_1173,Bortezomib,3.37643692479574
1174,CELL_1174,Bortezomib,2.408003059080217
1175,CELL_1175,Bortezomib,-0.592180323117925
1176,CELL_1176,Bortezomib,0.5241824127827255
1177,CELL_1177,Bortezomib,-2.242620313907496
1178,CELL_1178,Bortezomib,-1.6293236177017336
1179,CELL_1179,Bortezomib,2.434604844848269
1180,CELL_1180,Bortezomib,1.5485143629888891
1181,CELL_1181,Bortezomib,2.0694078040095927
1182,CELL_1182,Bortezomib,0.5740286409706071
1183,CELL_1183,Bortezomib,0.42744917991515385
1184,CELL_1184,Bortezomib,1.4610244864627033
1185,CELL_1185,Bortezomib,2.1160341352549743
1186,CELL_1186,Bortezomib,0.9931147888255812
1187,CELL_1187,Bortezomib,2.15283555342362
1188,CELL_1188,Bortezomib,-0.6925957787958941
1189,CELL_1189,Bortezomib,2.209238214028014
1190,CELL_1190,Bortezomib,-0.4110475597990848
1191,CELL_1191,Bortezomib,0.1072995139348949
1192,CELL_1192,Bortezomib,1.4525570289681056
1193,CELL_1193,Bortezomib,
1194,CELL_1194,Bortezomib,0.28912593946378584
1195,CELL_1195,Bortezomib,-2.4909240818332123
1196,CELL_1196,Bortezomib,1.4853756414692074
1197,CELL_1197,Bortezomib,-1.9525791554937655
1198,CELL_1198,Bortezomib,2.4174597268886537
1199,CELL_1199,Bortezomib,-0.8579645398093809
3000,CELL_3000,Bortezomib,1.1431564614045107
3001,CELL_3001,Bortezomib,1.5389217115943685
3002,CELL_3002,Bortezomib,0.8413604515906394
3003,CELL_3003,Bortezomib,1.1768115121258544
3004,CELL_3004,Bortezomib,-0.2934683709228154
3005,CELL_3005,Bortezomib,1.2567942966307375
3006,CELL_3006,Bortezomib,-0.08669995670673458
3007,CELL_3007,Bortezomib,
3008,CELL_3008,Bortezomib,-1.1632270504241702
3009,CELL_3009,Bortezomib,-0.9154222715165463
3010,CELL_3010,Bortezomib,0.6243201822404503
3011,CELL_3011,Bortezomib,-3.447550304041192
3012,CELL_3012,Bortezomib,-0.07162845950230134
3013,CELL_3013,Bortezomib,0.8313346903837161
3014,CELL_3014,Bortezomib,1.8242997797179092
3015,CELL_3015,Bortezomib,3.6609709204887184
3016,CELL_3016,Bortezomib,3.97465958793537
3017,CELL_3017,Bortezomib,3.0417952124033256
3018,CELL_3018,Bortezomib,-2.554951186731983
3019,CELL_3019,Bortezomib,5.3790572540447
1000,CELL_1000,Cisplatin,-0.10188845581051909
1001,CELL_1001,Cisplatin,2.779057690279158
1002,CELL_1002,Cisplatin,-1.631790523286318
1003,CELL_1003,Cisplatin,-0.3624771897957877
1004,CELL_1004,Cisplatin,-2.8078526270195856
1005,CELL_1005,Cisplatin,4.523656134874469
1006,CELL_1006,Cisplatin,0.7017058729618738
1007,CELL_1007,Cisplatin,-1.2352361832256857
1008,CELL_1008,Cisplatin,-1.0587839349168702
1009,CELL_1009,Cisplatin,0.47030223471446375
1010,CELL_1010,Cisplatin,5.402169938276429
1011,CELL_1011,Cisplatin,-2.2432973103117377
1012,CELL_1012,Cisplatin,1.344235399385012
1013,CELL_1013,Cisplatin,0.7388534859271652
1014,CELL_1014,Cisplatin,1.666829914106787
1015,CELL_1015,Cisplatin,1.0698658804363486
1016,CELL_1016,Cisplatin,2.350760745448895
1017,CELL_1017,Cisplatin,2.2777596219311436
1018,CELL_1018,Cisplatin,2.8450350896583885
1019,CELL_1019,Cisplatin,0.7940196512075985
1020,CELL_1020,Cisplatin,1.9023322835465484
1021,CELL_1021,Cisplatin,-0.3108930747664098
1022,CELL_1022,Cisplatin,
1023,CELL_1023,Cisplatin,4.353157105049826
1024,CELL_1024,Cisplatin,
1025,CELL_1025,Cisplatin,-0.3454041903657725
1026,CELL_1026,Cisplatin,-2.1983753496990506
1027,CELL_1027,Cisplatin,-2.5918506856012273
1028,CELL_1028,Cisplatin,0.5244872017649731
1029,CELL_1029,Cisplatin,0.7466074996179934
1030,CELL_1030,Cisplatin,2.8196365441654754
1031,CELL_1031,Cisplatin,-1.3329404557567055
1032,CELL_1032,Cisplatin,1.7794244024426975
1033,CELL_1033,Cisplatin,-1.2201626844507785
1034,CELL_1034,Cisplatin,1.1310503125925626
1035,CELL_1035,Cisplatin,2.561701735431597
1036,CELL_1036,Cisplatin,-0.5918601976741245
1037,CELL_1037,Cisplatin,2.7743613614080402
1038,CELL_1038,Cisplatin,2.5189642765927354
1039,CELL_1039,Cisplatin,-0.2995300995946455
1040,CELL_1040,Cisplatin,1.9754506312799727
1041,CELL_1041,Cisplatin,2.6969306534904796
1042,CELL_1042,Cisplatin,1.196195145195078
1043,CELL_1043,Cisplatin,
1044,CELL_1044,Cisplatin,
1045,CELL_1045,Cisplatin,1.4800614912563437
1046,CELL_1046,Cisplatin,1.4886661669943269
1047,CELL_1047,Cisplatin,2.5185145180293547
1048,CELL_1048,Cisplatin,2.0767896094988547
1049,CELL_1049,Cisplatin,2.4065030634706224
1050,CELL_1050,Cisplatin,2.5757532899201534
1051,CELL_1051,Cisplatin,0.11124046378496011
1052,CELL_1052,Cisplatin,5.568449349942657
1053,CELL_1053,Cisplatin,0.38451791191958906
1054,CELL_1054,Cisplatin,0.7773254757222767
1055,CELL_1055,Cisplatin,-0.03527979858325159
1056,CELL_1056,Cisplatin,0.8889709079382662
1057,CELL_1057,Cisplatin,-0.7483433151991095
1058,CELL_1058,Cisplatin,-0.48168718460351934
1059,CELL_1059,Cisplatin,4.164506716982748
1060,CELL_1060,Cisplatin,0.8257864811397284
1061,CELL_1061,Cisplatin,-3.1168842256455678
1062,CELL_1062,Cisplatin,1.3911485810517301
1063,CELL_1063,Cisplatin,2.2210455346931335
1064,CELL_1064,Cisplatin,-0.39499958312167727
1065,CELL_1065,Cisplatin,5.399913101113061
1066,CELL_1066,Cisplatin,-4.077959504355541
1067,CELL_1067,Cisplatin,4.506390358278098
1068,CELL_1068,Cisplatin,2.9409989637818166
1069,CELL_1069,Cisplatin,0.7441106591436193
1070,CELL_1070,Cisplatin,-0.4092846237185004
1071,CELL_1071,Cisplatin,3.1191140250631837
1072,CELL_1072,Cisplatin,-1.0849183536669678
1073,CELL_1073,Cisplatin,1.786353093623839
1074,CELL_1074,Cisplatin,2.9888261960487803
1075,CELL_1075,Cisplatin,1.3007384919263
1076,CELL_1076,Cisplatin,-1.817131953043039
1077,CELL_1077,Cisplatin,-0.2248104948312719
1078,CELL_1078,Cisplatin,0.5687027107240907
1079,CELL_1079,Cisplatin,3.8558882238291905
1080,CELL_1080,Cisplatin,2.0846878555827764
1081,CELL_1081,Cisplatin,0.7580568469249072
1082,CELL_1082,Cisplatin,0.8262249319555706
1083,CELL_1083,Cisplatin,0.08485126620717576
1084,CELL_1084,Cisplatin,2.618712186889518
1085,CELL_1085,Cisplatin,-2.0506695066063405
1086,CELL_1086,Cisplatin,1.8204615776658672
1087,CELL_1087,Cisplatin,-0.791999566031115
1088,CELL_1088,Cisplatin,1.9491756316317481
1089,CELL_1089,Cisplatin,
1090,CELL_1090,Cisplatin,3.6194344754823504
1091,CELL_1091,Cisplatin,2.9365018427437026
1092,CELL_1092,Cisplatin,0.6940272237036877
1093,CELL_1093,Cisplatin,0.434329965130677
1094,CELL_1094,Cisplatin,0.9956969267493436
1095,CELL_1095,Cisplatin,0.2680313957661681
1096,CELL_1096,Cisplatin,0.7356672329281879
1097,CELL_1097,Cisplatin,-0.5780113859205758
1098,CELL_1098,Cisplatin,
1099,CELL_1099,Cisplatin,-0.09920967981607154
1100,CELL_1100,Cisplatin,-0.5583382740882077
1101,CELL_1101,Cisplatin,1.2051273453267124
1102,CELL_1102,Cisplatin,0.6239027255886744
1103,CELL_1103,Cisplatin,1.6282797560434545
1104,CELL_1104,Cisplatin,5.268220480922258
1105,CELL_1105,Cisplatin,3.418474489432658
1106,CELL_1106,Cisplatin,-0.24482887698040812
1107,CELL_1107,Cisplatin,-0.04264685730567486
1108,CELL_1108,Cisplatin,1.7983171430667875
1109,CELL_1109,Cisplatin,-2.4139529518379113
1110,CELL_1110,Cisplatin,
1111,CELL_1111,Cisplatin,0.7986912995556601
1112,CELL_1112,Cisplatin,1.4106101076337576
1113,CELL_1113,Cisplatin,
1114,CELL_1114,Cisplatin,0.6830313937855785
1115,CELL_1115,Cisplatin,3.6820417881537315
1116,CELL_1116,Cisplatin,0.21089923405009114
1117,CELL_1117,Cisplatin,1.239234526961287
1118,CELL_1118,Cisplatin,0.9512366516430383
1119,CELL_1119,Cisplatin,3.5983592039886427
1120,CELL_1120,Cisplatin,2.7861241339135256
1121,CELL_1121,Cisplatin,0.030884474850453314
1122,CELL_1122,Cisplatin,-1.803396792309115
1123,CELL_1123,Cisplatin,2.265794947396725
1124,CELL_1124,Cisplatin,-1.812166578400837
1125,CELL_1125,Cisplatin,0.5369452558104438
1126,CELL_1126,Cisplatin,5.194602932590103
1127,CELL_1127,Cisplatin,-2.667577455655727
1128,CELL_1128,Cisplatin,-0.041223974559351895
1129,CELL_1129,Cisplatin,5.005208048463323
1130,CELL_1130,Cisplatin,2.523642909980275
1131,CELL_1131,Cisplatin,2.405074008732254
1132,CELL_1132,Cisplatin,3.2995589036984074
1133,CELL_1133,Cisplatin,0.9629802683610889
1134,CELL_1134,Cisplatin,0.40699544077539795
1135,CELL_1135,Cisplatin,-0.2821177428998203
1136,CELL_1136,Cisplatin,-1.3875983651939579
1137,CELL_1137,Cisplatin,1.0693827683377124
1138,CELL_1138,Cisplatin,3.6845214286578902
1139,CELL_1139,Cisplatin,-2.367588356335369
1140,CELL_1140,Cisplatin,2.1372985818153496
1141,CELL_1141,Cisplatin,2.3105736415115583
1142,CELL_1142,Cisplatin,0.5210794661524694
1143,CELL_1143,Cisplatin,1.7917701002103712
1144,CELL_1144,Cisplatin,-1.0555648754849551
1145,CELL_1145,Cisplatin,
1146,CELL_1146,Cisplatin,
1147,CELL_1147,Cisplatin,-0.2723708966532996
1148,CELL_1148,Cisplatin,1.9060949004471568
1149,CELL_1149,Cisplatin,3.024327150435391
1150,CELL_1150,Cisplatin,2.4679248153793814
1151,CELL_1151,Cisplatin,2.815741200690554
1152,CELL_1152,Cisplatin,-5.338613444301892
1153,CELL_1153,Cisplatin,1.2343367955328985
1154,CELL_1154,Cisplatin,0.21620571480456663
1155,CELL_1155,Cisplatin,-0.31220220164771106
1156,CELL_1156,Cisplatin,-1.6397324591426923
1157,CELL_1157,Cisplatin,0.08975275529529259
1158,CELL_1158,Cisplatin,2.395859559336866
1159,CELL_1159,Cisplatin,2.392752623144579
1160,CELL_1160,Cisplatin,1.9288496844016956
1161,CELL_1161,Cisplatin,4.912725759769632
1162,CELL_1162,Cisplatin,1.3179487270652186
1163,CELL_1163,Cisplatin,-1.7939156443625905
1164,CELL_1164,Cisplatin,
1165,CELL_1165,Cisplatin,6.844765008097754
1166,CELL_1166,Cisplatin,1.8635753946323483
1167,CELL_1167,Cisplatin,1.5692356673389949
1168,CELL_1168,Cisplatin,-1.3872533500162354
1169,CELL_1169,Cisplatin,1.3670492614146263
1170,CELL_1170,Cisplatin,3.3515354873515237
1171,CELL_1171,Cisplatin,-0.6731363233960659
1172,CELL_1172,Cisplatin,4.0419232723420055
1173,CELL_1173,Cisplatin,1.9586058389657128
1174,CELL_1174,Cisplatin,2.317888774789383
1175,CELL_1175,Cisplatin,4.29052218963424
1176,CELL_1176,Cisplatin,2.893827580036618
1177,CELL_1177,Cisplatin,0.709182150128884
1178,CELL_1178,Cisplatin,-2.4608730212234655
1179,CELL_1179,Cisplatin,2.410922094730453
1180,CELL_1180,Cisplatin,2.7261806020384576
1181,CELL_1181,Cisplatin,-0.5140088757563976
1182,CELL_1182,Cisplatin,2.5764619002153237
1183,CELL_1183,Cisplatin,1.1270988019916248
1184,CELL_1184,Cisplatin,1.149120891553038
1185,CELL_1185,Cisplatin,0.1686597724926674
1186,CELL_1186,Cisplatin,-1.580460105139689
1187,CELL_1187,Cisplatin,
1188,CELL_1188,Cisplatin,-1.0967688298318028
1189,CELL_1189,Cisplatin,0.41688545417005807
1190,CELL_1190,Cisplatin,4.713158239125789
1191,CELL_1191,Cisplatin,-0.5758521637052776
1192,CELL_1192,Cisplatin,7.319405579792932
1193,CELL_1193,Cisplatin,-0.25094079787038726
1194,CELL_1194,Cisplatin,0.10107878952593685
1195,CELL_1195,Cisplatin,0.5449846945186466
1196,CELL_1196,Cisplatin,0.656760317819346
1197,CELL_1197,Cisplatin,-1.5074036003081877
1198,CELL_1198,Cisplatin,0.2692975837074876
1199,CELL_1199,Cisplatin,-0.3619269657386013
3000,CELL_3000,Cisplatin,2.899862309605566
3001,CELL_3001,Cisplatin,0.6240844763681344
3002,CELL_3002,Cisplatin,4.218936638850018
3003,CELL_3003,Cisplatin,-2.303973672197028
3004,CELL_3004,Cisplatin,0.12782924805302132
3005,CELL_3005,Cisplatin,-0.9125899587473376
3006,CELL_3006,Cisplatin,-1.1802823974922694
3007,CELL_3007,Cisplatin,4.05435343786087
3008,CELL_3008,Cisplatin,0.7419388645671854
3009,CELL_3009,Cisplatin,4.078032536936629
3010,CELL_3010,Cisplatin,0.8605115617088428
3011,CELL_3011,Cisplatin,0.5898760535421765
3012,CELL_3012,Cisplatin,2.7178168890459053
3013,CELL_3013,Cisplatin,2.086442773723405
3014,CELL_3014,Cisplatin,2.185219774842614
3015,CELL_3015,Cisplatin,0.9440271633497216
3016,CELL_3016,Cisplatin,2.721469771955349
3017,CELL_3017,Cisplatin,-0.5441726882169613
3018,CELL_3018,Cisplatin,1.3680896340009836
3019,CELL_3019,Cisplatin,-1.2820402867309655
1000,CELL_1000,Doxorubicin,-4.101160708902856
1001,CELL_1001,Doxorubicin,4.258374815614825
1002,CELL_1002,Doxorubicin,1.3201603527813233
1003,CELL_1003,Doxorubicin,2.0912058273188436
1004,CELL_1004,Doxorubicin,
1005,CELL_1005,Doxorubicin,4.158049730465593
1006,CELL_1006,Doxorubicin,1.0953851972013675
1007,CELL_1007,Doxorubicin,0.505456972333485
1008,CELL_1008,Doxorubicin,-1.705990468729853
1009,CELL_1009,Doxorubicin,0.45785738379647056
1010,CELL_1010,Doxorubicin,1.878044700243075
1011,CELL_1011,Doxorubicin,2.116178898897603
1012,CELL_1012,Doxorubicin,-0.6504373576813742
1013,CELL_1013,Doxorubicin,0.7654777159117713
1014,CELL_1014,Doxorubicin,3.0586242403078083
1015,CELL_1015,Doxorubicin,-0.6827836254286632
1016,CELL_1016,Doxorubicin,1.9638267939471552
1017,CELL_1017,Doxorubicin,-2.005889055375596
1018,CELL_1018,Doxorubicin,-1.326331012175194
1019,CELL_1019,Doxorubicin,0.25977089928863306
1020,CELL_1020,Doxorubicin,1.0547348061425827
1021,CELL_1021,Doxorubicin,1.6160724449168864
1022,CELL_1022,Doxorubicin,2.9483761748915813
1023,CELL_1023,Doxorubicin,-3.49369156969738
1024,CELL_1024,Doxorubicin,
1025,CELL_1025,Doxorubicin,0.27987497004964357
1026,CELL_1026,Doxorubicin,1.1952891495697688
1027,CELL_1027,Doxorubicin,1.4835075057365374
1028,CELL_1028,Doxorubicin,3.749507489660146
1029,CELL_1029,Doxorubicin,1.911792648689225
1030,CELL_1030,Doxorubicin,2.6058051136108613
1031,CELL_1031,Doxorubicin,-0.7389327639724632
1032,CELL_1032,Doxorubicin,2.7249907023593525
1033,CELL_1033,Doxorubicin,2.3889617385440345
1034,CELL_1034,Doxorubicin,2.4700031010527237
1035,CELL_1035,Doxorubicin,1.43827058444998
1036,CELL_1036,Doxorubicin,-1.682690444798702
1037,CELL_1037,Doxorubicin,2.9980533767710265
1038,CELL_1038,Doxorubicin,-0.6938224103657797
1039,CELL_1039,Doxorubicin,2.6935299833317123
1040,CELL_1040,Doxorubicin,1.7007967378144606
1041,CELL_1041,Doxorubicin,1.9919472804541076
1042,CELL_1042,Doxorubicin,-2.6359443892078955
1043,CELL_1043,Doxorubicin,2.033564172895639
1044,CELL_1044,Doxorubicin,6.574210992274571
1045,CELL_1045,Doxorubicin,1.4876471406992886
1046,CELL_1046,Doxorubicin,1.0274761201263953
1047,CELL_1047,Doxorubicin,-0.9871559206960117
1048,CELL_1048,Doxorubicin,0.011857997394349229
1049,CELL_1049,Doxorubicin,-0.38474113780163144
1050,CELL_1050,Doxorubicin,-1.020347387013775
1051,CELL_1051,Doxorubicin,-1.265490890683262
1052,CELL_1052,Doxorubicin,0.2501957225434144
1053,CELL_1053,Doxorubicin,0.0956388504216189
1054,CELL_1054,Doxorubicin,1.053029093918915
1055,CELL_1055,Doxorubicin,4.0628968162654955
1056,CELL_1056,Doxorubicin,2.9689797245169407
1057,CELL_1057,Doxorubicin,-0.34328282613644956
1058,CELL_1058,Doxorubicin,4.105319563346505
1059,CELL_1059,Doxorubicin,4.596861011159541
1060,CELL_1060,Doxorubicin,3.946509451017851
1061,CELL_1061,Doxorubicin,-1.6142330013535457
1062,CELL_1062,Doxorubicin,-1.167579969415773
1063,CELL_1063,Doxorubicin,0.7440956219094856
1064,CELL_1064,Doxorubicin,0.8595497570455448
1065,CELL_1065,Doxorubicin,
1066,CELL_1066,Doxorubicin,2.151132689154332
1067,CELL_1067,Doxorubicin,2.6048606808659818
1068,CELL_1068,Doxorubicin,-0.5027080418570176
1069,CELL_1069,Doxorubicin,-1.5796826320677155
1070,CELL_1070,Doxorubicin,-0.18635225572598046
1071,CELL_1071,Doxorubicin,-0.43677212382578556
1072,CELL_1072,Doxorubicin,0.8602934850072894
1073,CELL_1073,Doxorubicin,3.288682763035242
1074,CELL_1074,Doxorubicin,-0.07981143109910227
1075,CELL_1075,Doxorubicin,3.987525095914339
1076,CELL_1076,Doxorubicin,1.2685045629622107
1077,CELL_1077,Doxorubicin,3.0819721939047366
1078,CELL_1078,Doxorubicin,3.005120968888442
1079,CELL_1079,Doxorubicin,1.8343015387116854
1080,CELL_1080,Doxorubicin,1.2674479436821786
1081,CELL_1081,Doxorubicin,
1082,CELL_1082,Doxorubicin,1.2447270142861702
1083,CELL_1083,Doxorubicin,2.539878105324925
1084,CELL_1084,Doxorubicin,1.9246103377554125
1085,CELL_1085,Doxorubicin,1.6328671516831461
1086,CELL_1086,Doxorubicin,1.255399124643931
1087,CELL_1087,Doxorubicin,3.8931064822356425
1088,CELL_1088,Doxorubicin,2.699691003454811
1089,CELL_1089,Doxorubicin,1.9009219773601993
1090,CELL_1090,Doxorubicin,3.865787986497825
1091,CELL_1091,Doxorubicin,3.438038917704271
1092,CELL_1092,Doxorubicin,-4.5547426893227865
1093,CELL_1093,Doxorubicin,3.8794928550269976
1094,CELL_1094,Doxorubicin,2.216633567497337
1095,CELL_1095,Doxorubicin,2.0136506527818416
1096,CELL_1096,Doxorubicin,-0.2969432263717251
1097,CELL_1097,Doxorubicin,0.9473621118051707
1098,CELL_1098,Doxorubicin,2.249234327620603
1099,CELL_1099,Doxorubicin,1.6704973734035091
1100,CELL_1100,Doxorubicin,-0.3202944565058623
1101,CELL_1101,Doxorubicin,0.16488925861085635
1102,CELL_1102,Doxorubicin,2.8057894653934765
1103,CELL_1103,Doxorubicin,-0.7250852658007945
1104,CELL_1104,Doxorubicin,1.4236876184440939
1105,CELL_1105,Doxorubicin,0.24372120961355914
1106,CELL_1106,Doxorubicin,4.690918550932586
1107,CELL_1107,Doxorubicin,1.8980459537624303
1108,CELL_1108,Doxorubicin,-0.5087784814883485
1109,CELL_1109,Doxorubicin,2.0841556684307
1110,CELL_1110,Doxorubicin,-0.16125473462601225
1111,CELL_1111,Doxorubicin,0.2554065675053755
1112,CELL_1112,Doxorubicin,2.4067839101216233
1113,CELL_1113,Doxorubicin,3.328735363096263
1114,CELL_1114,Doxorubicin,0.3304851912524931
1115,CELL_1115,Doxorubicin,3.7867835974398667
1116,CELL_1116,Doxorubicin,0.11312526857281313
1117,CELL_1117,Doxorubicin,0.024297233802199503
1118,CELL_1118,Doxorubicin,-0.8070140610505645
1119,CELL_1119,Doxorubicin,0.060718966153271214
1120,CELL_1120,Doxorubicin,0.895208265543128
1121,CELL_1121,Doxorubicin,1.3857999555300082
1122,CELL_1122,Doxorubicin,2.400439285266283
1123,CELL_1123,Doxorubicin,-0.22973391022105427
1124,CELL_1124,Doxorubicin,-3.0793478552716094
1125,CELL_1125,Doxorubicin,
1126,CELL_1126,Doxorubicin,5.565416011809537
1127,CELL_1127,Doxorubicin,0.11454580642572887
1128,CELL_1128,Doxorubicin,2.72479764009859
1129,CELL_1129,Doxorubicin,2.652810825885486
1130,CELL_1130,Doxorubicin,4.945343151937659
1131,CELL_1131,Doxorubicin,2.4084743963575725
1132,CELL_1132,Doxorubicin,1.8815558466351636
1133,CELL_1133,Doxorubicin,2.760196696305109
1134,CELL_1134,Doxorubicin,
1135,CELL_1135,Doxorubicin,1.0911583439625336
1136,CELL_1136,Doxorubicin,-0.689501565041803
1137,CELL_1137,Doxorubicin,3.387699384249204
1138,CELL_1138,Doxorubicin,2.060082255964622
1139,CELL_1139,Doxorubicin,0.38213834747769904
1140,CELL_1140,Doxorubicin,1.9763729885885728
1141,CELL_1141,Doxorubicin,1.770059888363654
1142,CELL_1142,Doxorubicin,-0.722832691590956
1143,CELL_1143,Doxorubicin,-2.842906076202261
1144,CELL_1144,Doxorubicin,0.24348124336752508
1145,CELL_1145,Doxorubicin,
1146,CELL_1146,Doxorubicin,-0.40973580792815856
1147,CELL_1147,Doxorubicin,-0.9110033699794167
1148,CELL_1148,Doxorubicin,-1.5348083232544618
1149,CELL_1149,Doxorubicin,0.22658435956114165
1150,CELL_1150,Doxorubicin,3.2368620338966827
1151,CELL_1151,Doxorubicin,2.365836115258225
1152,CELL_1152,Doxorubicin,3.422019275663805
1153,CELL_1153,Doxorubicin,1.2035738834895453
1154,CELL_1154,Doxorubicin,2.922246985755194
1155,CELL_1155,Doxorubicin,
1156,CELL_1156,Doxorubicin,1.2147992779961019
1157,CELL_1157,Doxorubicin,-1.2570335865528817
1158,CELL_1158,Doxorubicin,0.18470815126039897
1159,CELL_1159,Doxorubicin,1.1118813791115079
1160,CELL_1160,Doxorubicin,-1.0722275968726263
1161,CELL_1161,Doxorubicin,1.4800986031232752
1162,CELL_1162,Doxorubicin,2.285141938938809
1163,CELL_1163,Doxorubicin,
1164,CELL_1164,Doxorubicin,1.2325865953960249
1165,CELL_1165,Doxorubicin,-0.9280042875862531
1166,CELL_1166,Doxorubicin,-1.8602202832070445
1167,CELL_1167,Doxorubicin,3.5825814650660557
1168,CELL_1168,Doxorubicin,-3.7051683907378994
1169,CELL_1169,Doxorubicin,0.5436289088090858
1170,CELL_1170,Doxorubicin,-3.3557555231565583
1171,CELL_1171,Doxorubicin,2.3315349066884377
1172,CELL_1172,Doxorubicin,4.138456306384
1173,CELL_1173,Doxorubicin,-0.2098720802091938
1174,CELL_1174,Doxorubicin,0.8695954544898681
1175,CELL_1175,Doxorubicin,-1.3823811669835582
1176,CELL_1176,Doxorubicin,3.911953296572521
1177,CELL_1177,Doxorubicin,4.05435730932661
1178,CELL_1178,Doxorubicin,3.267346069551254
1179,CELL_1179,Doxorubicin,0.6743442654596636
1180,CELL_1180,Doxorubicin,2.709964366346654
1181,CELL_1181,Doxorubicin,-2.0017103819225435
1182,CELL_1182,Doxorubicin,1.1333759583366816
1183,CELL_1183,Doxorubicin,-2.1492225509246854
1184,CELL_1184,Doxorubicin,1.3035168642812545
1185,CELL_1185,Doxorubicin,3.2573324854626593
1186,CELL_1186,Doxorubicin,-1.5631197776303094
1187,CELL_1187,Doxorubicin,3.6920629683917197
1188,CELL_1188,Doxorubicin,-1.5537718667105391
1189,CELL_1189,Doxorubicin,2.84522424230883
1190,CELL_1190,Doxorubicin,1.574559054135702
1191,CELL_1191,Doxorubicin,0.9080202931830585
1192,CELL_1192,Doxorubicin,1.3569803884441731
1193,CELL_1193,Doxorubicin,-2.6039876921405742
1194,CELL_1194,Doxorubicin,2.241903071029697
1195,CELL_1195,Doxorubicin,3.423949574757615
1196,CELL_1196,Doxorubicin,2.34488188105517
1197,CELL_1197,Doxorubicin,0.1804118794522357
1198,CELL_1198,Doxorubicin,-0.29419961815276974
1199,CELL_1199,Doxorubicin,4.249347664172042
3000,CELL_3000,Doxorubicin,1.8152510016290604
3001,CELL_3001,Doxorubicin,3.805348664234557
3002,CELL_3002,Doxorubicin,1.626906455836183
3003,CELL_3003,Doxorubicin,3.187770297714131
3004,CELL_3004,Doxorubicin,0.28700414563307697
3005,CELL_3005,Doxorubicin,
3006,CELL_3006,Doxorubicin,-0.45943670075593435
3007,CELL_3007,Doxorubicin,
3008,CELL_3008,Doxorubicin,0.8112162556049676
3009,CELL_3009,Doxorubicin,-1.3650818446377064
3010,CELL_3010,Doxorubicin,-0.14483683602602104
3011,CELL_3011,Doxorubicin,2.3372117789056928
3012,CELL_3012,Doxorubicin,0.11863676906835585
3013,CELL_3013,Doxorubicin,-0.6343176092368519
3014,CELL_3014,Doxorubicin,0.7376649730859288
3015,CELL_3015,Doxorubicin,-0.5632448124950011
3016,CELL_3016,Doxorubicin,3.44995610908664
3017,CELL_3017,Doxorubicin,2.1621884002113045
3018,CELL_3018,Doxorubicin,-3.489027166939006
3019,CELL_3019,Doxorubicin,2.276967424194353
1000,CELL_1000,Gemcitabine,-0.5641877412778789
1001,CELL_1001,Gemcitabine,-0.8361151267829223
1002,CELL_1002,Gemcitabine,-1.7844846506144316
1003,CELL_1003,Gemcitabine,1.4958780260097733
1004,CELL_1004,Gemcitabine,-0.980156958245112
1005,CELL_1005,Gemcitabine,0.3644269168092723
1006,CELL_1006,Gemcitabine,-0.5670904073436049
1007,CELL_1007,Gemcitabine,2.6314134296995713
1008,CELL_1008,Gemcitabine,0.18594838734442876
1009,CELL_1009,Gemcitabine,0.3475748879615056
1010,CELL_1010,Gemcitabine,2.0135558018858095
1011,CELL_1011,Gemcitabine,0.6068208475873039
1012,CELL_1012,Gemcitabine,-0.17318276545840727
1013,CELL_1013,Gemcitabine,-1.764108993875709
1014,CELL_1014,Gemcitabine,1.8595654870272567
1015,CELL_1015,Gemcitabine,3.6138313023916737
1016,CELL_1016,Gemcitabine,-2.5649580196755455
1017,CELL_1017,Gemcitabine,1.303948704997271
1018,CELL_1018,Gemcitabine,1.0162949960487182
1019,CELL_1019,Gemcitabine,1.8063648024282193
1020,CELL_1020,Gemcitabine,1.2355629854086685
1021,CELL_1021,Gemcitabine,5.103655699419859
1022,CELL_1022,Gemcitabine,3.771112924746013
1023,CELL_1023,Gemcitabine,-2.18744394332685
1024,CELL_1024,Gemcitabine,-2.1478525682931133
1025,CELL_1025,Gemcitabine,4.975356872533901
1026,CELL_1026,Gemcitabine,1.1079960575022039
1027,CELL_1027,Gemcitabine,3.960920973232764
1028,CELL_1028,Gemcitabine,4.264179156036308
1029,CELL_1029,Gemcitabine,1.6718761793953878
1030,CELL_1030,Gemcitabine,0.9478289762042662
1031,CELL_1031,Gemcitabine,1.1824376733654134
1032,CELL_1032,Gemcitabine,-0.0995194941987656
1033,CELL_1033,Gemcitabine,1.4967204228724802
1034,CELL_1034,Gemcitabine,1.4547855511677246
1035,CELL_1035,Gemcitabine,0.5939013640758204
1036,CELL_1036,Gemcitabine,
1037,CELL_1037,Gemcitabine,0.7489260561447402
1038,CELL_1038,Gemcitabine,0.5559701440538807
1039,CELL_1039,Gemcitabine,-0.5193048056959131
1040,CELL_1040,Gemcitabine,-0.6894850776578463
1041,CELL_1041,Gemcitabine,2.651151878441778
1042,CELL_1042,Gemcitabine,2.1928095818741715
1043,CELL_1043,Gemcitabine,1.6173080395268764
1044,CELL_1044,Gemcitabine,3.7011401103537365
1045,CELL_1045,Gemcitabine,1.391538060214033
1046,CELL_1046,Gemcitabine,0.7602946150653676
1047,CELL_1047,Gemcitabine,0.27594678161178243
1048,CELL_1048,Gemcitabine,3.602121092974783
1049,CELL_1049,Gemcitabine,0.6514266107209272
1050,CELL_1050,Gemcitabine,0.7152012109296895
1051,CELL_1051,Gemcitabine,-3.986749870804986
1052,CELL_1052,Gemcitabine,0.826672957366605
1053,CELL_1053,Gemcitabine,2.1628090773788777
1054,CELL_1054,Gemcitabine,0.2524981302590802
1055,CELL_1055,Gemcitabine,
1056,CELL_1056,Gemcitabine,1.3187895932140843
1057,CELL_1057,Gemcitabine,-2.6660925434434724
1058,CELL_1058,Gemcitabine,1.0563981873560682
1059,CELL_1059,Gemcitabine,0.3892737504512309
1060,CELL_1060,Gemcitabine,1.2686568049528648
1061,CELL_1061,Gemcitabine,-1.6749139988000699
1062,CELL_1062,Gemcitabine,-0.7049628512873771
1063,CELL_1063,Gemcitabine,0.4645564092038761
1064,CELL_1064,Gemcitabine,-2.6736081335483117
1065,CELL_1065,Gemcitabine,-0.712453539625935
1066,CELL_1066,Gemcitabine,1.2756203502514087
1067,CELL_1067,Gemcitabine,-1.9429498305585189
1068,CELL_1068,Gemcitabine,
1069,CELL_1069,Gemcitabine,3.6426954267505707
1070,CELL_1070,Gemcitabine,
1071,CELL_1071,Gemcitabine,1.0396396420399883
1072,CELL_1072,Gemcitabine,1.4735121044596076
1073,CELL_1073,Gemcitabine,0.6114593072216105
1074,CELL_1074,Gemcitabine,2.3829820395565653
1075,CELL_1075,Gemcitabine,1.5023323334762448
1076,CELL_1076,Gemcitabine,1.2061373571304932
1077,CELL_1077,Gemcitabine,-0.12104423586630175
1078,CELL_1078,Gemcitabine,-1.6616893675524431
1079,CELL_1079,Gemcitabine,2.0839412669410087
1080,CELL_1080,Gemcitabine,0.08173059056101062
1081,CELL_1081,Gemcitabine,-3.2378877411583993
1082,CELL_1082,Gemcitabine,-0.901149287150661
1083,CELL_1083,Gemcitabine,0.9311994669543292
1084,CELL_1084,Gemcitabine,3.196572009492759
1085,CELL_1085,Gemcitabine,-0.2771318953819435
1086,CELL_1086,Gemcitabine,0.15864171758594026
1087,CELL_1087,Gemcitabine,0.6107626574755215
1088,CELL_1088,Gemcitabine,1.9651311226531991
1089,CELL_1089,Gemcitabine,3.360722535653106
1090,CELL_1090,Gemcitabine,-1.318981322459161
1091,CELL_1091,Gemcitabine,1.5481299453474762
1092,CELL_1092,Gemcitabine,-1.4916140855821505
1093,CELL_1093,Gemcitabine,1.5540850293997388
1094,CELL_1094,Gemcitabine,1.4037899133268894
1095,CELL_1095,Gemcitabine,-1.472055746714577
1096,CELL_1096,Gemcitabine,2.89355522414757
1097,CELL_1097,Gemcitabine,3.2901292937903244
1098,CELL_1098,Gemcitabine,4.920618569668659
1099,CELL_1099,Gemcitabine,1.806522507604706
1100,CELL_1100,Gemcitabine,-0.09446279195330742
1101,CELL_1101,Gemcitabine,-0.43851675171402116
1102,CELL_1102,Gemcitabine,1.3551465009332049
1103,CELL_1103,Gemcitabine,1.542184883763698
1104,CELL_1104,Gemcitabine,3.9531218060952447
1105,CELL_1105,Gemcitabine,1.9564745465881468
1106,CELL_1106,Gemcitabine,1.944944978215017
1107,CELL_1107,Gemcitabine,1.8846731912124506
1108,CELL_1108,Gemcitabine,2.196494763227082
1109,CELL_1109,Gemcitabine,-1.6294467923217293
1110,CELL_1110,Gemcitabine,0.7714736129152059
1111,CELL_1111,Gemcitabine,0.8063822934792667
1112,CELL_1112,Gemcitabine,0.14226062148929408
1113,CELL_1113,Gemcitabine,2.5363567772067084
1114,CELL_1114,Gemcitabine,-2.7201436351997446
1115,CELL_1115,Gemcitabine,
1116,CELL_1116,Gemcitabine,1.510762021920899
1117,CELL_1117,Gemcitabine,2.0905023790676367
1118,CELL_1118,Gemcitabine,-0.7879821187196772
1119,CELL_1119,Gemcitabine,2.8876873286863103
1120,CELL_1120,Gemcitabine,2.6311891872886735
1121,CELL_1121,Gemcitabine,-1.001289279810321
1122,CELL_1122,Gemcitabine,0.059331894860762624
1123,CELL_1123,Gemcitabine,1.4357963379075005
1124,CELL_1124,Gemcitabine,2.2054584981849317
1125,CELL_1125,Gemcitabine,1.8021435464350568
1126,CELL_1126,Gemcitabine,0.28742375948831356
1127,CELL_1127,Gemcitabine,2.612827776125193
1128,CELL_1128,Gemcitabine,2.9796853526940916
1129,CELL_1129,Gemcitabine,2.4168121752593734
1130,CELL_1130,Gemcitabine,-2.2881186527629835
1131,CELL_1131,Gemcitabine,-0.535738907807225
1132,CELL_1132,Gemcitabine,1.611017545233475
1133,CELL_1133,Gemcitabine,1.1118716515871856
1134,CELL_1134,Gemcitabine,0.9509904267135373
1135,CELL_1135,Gemcitabine,1.5635457778957789
1136,CELL_1136,Gemcitabine,0.6953866716108058
1137,CELL_1137,Gemcitabine,-2.913972370244884
1138,CELL_1138,Gemcitabine,
1139,CELL_1139,Gemcitabine,0.31114421718401863
1140,CELL_1140,Gemcitabine,-2.3214808230443267
1141,CELL_1141,Gemcitabine,-1.4322236163904534
1142,CELL_1142,Gemcitabine,0.4730829139589795
1143,CELL_1143,Gemcitabine,-1.6888192782274754
1144,CELL_1144,Gemcitabine,0.13631216923620737
1145,CELL_1145,Gemcitabine,4.122807301095001
1146,CELL_1146,Gemcitabine,-1.0693295296753864
1147,CELL_1147,Gemcitabine,1.886689671870925
1148,CELL_1148,Gemcitabine,
1149,CELL_1149,Gemcitabine,1.0835010446236604
1150,CELL_1150,Gemcitabine,-1.9484117988716485
1151,CELL_1151,Gemcitabine,2.953031933669074
1152,CELL_1152,Gemcitabine,1.3704501783241194
1153,CELL_1153,Gemcitabine,-1.425009909752125
1154,CELL_1154,Gemcitabine,0.6814816760189899
1155,CELL_1155,Gemcitabine,-0.5066398169336606
1156,CELL_1156,Gemcitabine,0.5055577211560749
1157,CELL_1157,Gemcitabine,2.0039570750898603
1158,CELL_1158,Gemcitabine,4.3324664440740595
1159,CELL_1159,Gemcitabine,-1.5334748962794866
1160,CELL_1160,Gemcitabine,1.8283216026094102
1161,CELL_1161,Gemcitabine,1.8646621325414232
1162,CELL_1162,Gemcitabine,-0.7800632921237125
1163,CELL_1163,Gemcitabine,-1.294451707171555
1164,CELL_1164,Gemcitabine,4.186573401280807
1165,CELL_1165,Gemcitabine,-0.09102421820589979
1166,CELL_1166,Gemcitabine,-2.8591545269949097
1167,CELL_1167,Gemcitabine,-0.06327657753858884
1168,CELL_1168,Gemcitabine,-0.008301196739515682
1169,CELL_1169,Gemcitabine,
1170,CELL_1170,Gemcitabine,1.1963537060774716
1171,CELL_1171,Gemcitabine,3.5194950745512257
1172,CELL_1172,Gemcitabine,1.0790919534024772
1173,CELL_1173,Gemcitabine,-1.0747254071442613
1174,CELL_1174,Gemcitabine,-2.154625643009804
1175,CELL_1175,Gemcitabine,2.9956671614806507
1176,CELL_1176,Gemcitabine,1.7931149264269415
1177,CELL_1177,Gemcitabine,2.4109592715006762
1178,CELL_1178,Gemcitabine,3.5571609950547805
1179,CELL_1179,Gemcitabine,0.2525455224376577
1180,CELL_1180,Gemcitabine,0.23786977321498803
1181,CELL_1181,Gemcitabine,-0.9509340355118796
1182,CELL_1182,Gemcitabine,-0.9542373032885203
1183,CELL_1183,Gemcitabine,2.578369014316717
1184,CELL_1184,Gemcitabine,1.5067588347260803
1185,CELL_1185,Gemcitabine,-0.4536171808702396
1186,CELL_1186,Gemcitabine,
1187,CELL_1187,Gemcitabine,1.8617993826129804
1188,CELL_1188,Gemcitabine,
1189,CELL_1189,Gemcitabine,2.662655590733734
1190,CELL_1190,Gemcitabine,1.291016999852875
1191,CELL_1191,Gemcitabine,-2.628202198756604
1192,CELL_1192,Gemcitabine,-2.314136205650018
1193,CELL_1193,Gemcitabine,1.2358412764022553
1194,CELL_1194,Gemcitabine,4.583930196798698
1195,CELL_1195,Gemcitabine,-3.5782569084567664
1196,CELL_1196,Gemcitabine,-0.4540330129024881
1197,CELL_1197,Gemcitabine,-3.3726707089583865
1198,CELL_1198,Gemcitabine,1.8040516127940012
1199,CELL_1199,Gemcitabine,1.2388491390276286
3000,CELL_3000,Gemcitabine,0.8761461313165361
3001,CELL_3001,Gemcitabine,2.074282084635886
3002,CELL_3002,Gemcitabine,5.118647859935114
3003,CELL_3003,Gemcitabine,0.42532200198361736
3004,CELL_3004,Gemcitabine,-0.4023298086944125
3005,CELL_3005,Gemcitabine,5.821159213059677
3006,CELL_3006,Gemcitabine,0.8065809897456265
3007,CELL_3007,Gemcitabine,-1.8034567691806114
3008,CELL_3008,Gemcitabine,-1.7816482275355883
3009,CELL_3009,Gemcitabine,2.451874011939036
3010,CELL_3010,Gemcitabine,1.9657963603689006
3011,CELL_3011,Gemcitabine,-4.256014492644147
3012,CELL_3012,Gemcitabine,0.7659293569522284
3013,CELL_3013,Gemcitabine,2.2267044040748103
3014,CELL_3014,Gemcitabine,-2.7844106947691127
3015,CELL_3015,Gemcitabine,3.09689378391881
3016,CELL_3016,Gemcitabine,-1.0292476963130563
3017,CELL_3017,Gemcitabine,0.015219382913055357
3018,CELL_3018,Gemcitabine,-0.6704712542540334
3019,CELL_3019,Gemcitabine,2.043774787738769
1000,CELL_1000,Paclitaxel,-0.8607435412479114
1001,CELL_1001,Paclitaxel,-1.034687377047304
1002,CELL_1002,Paclitaxel,0.2736802254838724
1003,CELL_1003,Paclitaxel,-0.9814272721977608
1004,CELL_1004,Paclitaxel,-2.6774423328984325
1005,CELL_1005,Paclitaxel,1.9445571471199625
1006,CELL_1006,Paclitaxel,0.3385721449227772
1007,CELL_1007,Paclitaxel,0.7108301125457086
1008,CELL_1008,Paclitaxel,-0.5354223150346484
1009,CELL_1009,Paclitaxel,1.1747751194554277
1010,CELL_1010,Paclitaxel,6.103561766262756
1011,CELL_1011,Paclitaxel,1.487089489704569
1012,CELL_1012,Paclitaxel,3.864306858037649
1013,CELL_1013,Paclitaxel,3.046300408628228
1014,CELL_1014,Paclitaxel,0.03629883953215707
1015,CELL_1015,Paclitaxel,0.844930883406914
1016,CELL_1016,Paclitaxel,0.7089433916092418
1017,CELL_1017,Paclitaxel,2.143221922318503
1018,CELL_1018,Paclitaxel,1.753471346765014
1019,CELL_1019,Paclitaxel,-1.5167961303235145
1020,CELL_1020,Paclitaxel,3.00171780877348
1021,CELL_1021,Paclitaxel,3.5906525536767226
1022,CELL_1022,Paclitaxel,5.375596692972023
1023,CELL_1023,Paclitaxel,2.61749276243354
1024,CELL_1024,Paclitaxel,2.5475947778085337
1025,CELL_1025,Paclitaxel,1.7628958806670914
1026,CELL_1026,Paclitaxel,1.197410018028302
1027,CELL_1027,Paclitaxel,-1.4777202332243387
1028,CELL_1028,Paclitaxel,1.3364328706053472
1029,CELL_1029,Paclitaxel,0.7944971478901195
1030,CELL_1030,Paclitaxel,0.3513744381971903
1031,CELL_1031,Paclitaxel,-0.3893374298154919
1032,CELL_1032,Paclitaxel,-0.5035267869291167
1033,CELL_1033,Paclitaxel,-1.969699475939262
1034,CELL_1034,Paclitaxel,-0.5254435374826902
1035,CELL_1035,Paclitaxel,0.37713344479707533
1036,CELL_1036,Paclitaxel,2.9058094529846654
1037,CELL_1037,Paclitaxel,0.2132717661429877
1038,CELL_1038,Paclitaxel,2.975674155085497
1039,CELL_1039,Paclitaxel,0.46190474902262935
1040,CELL_1040,Paclitaxel,4.169532472375083
1041,CELL_1041,Paclitaxel,0.01680193780716932
1042,CELL_1042,Paclitaxel,-0.8569452670556723
1043,CELL_1043,Paclitaxel,-0.9697386539385113
1044,CELL_1044,Paclitaxel,0.21299454771876125
1045,CELL_1045,Paclitaxel,2.926996148560371
1046,CELL_1046,Paclitaxel,-0.11350780685908402
1047,CELL_1047,Paclitaxel,0.11926207896056207
1048,CELL_1048,Paclitaxel,1.59518944441453
1049,CELL_1049,Paclitaxel,1.714898936747727
1050,CELL_1050,Paclitaxel,0.6490693473384949
1051,CELL_1051,Paclitaxel,1.9736657300207545
1052,CELL_1052,Paclitaxel,-1.8393967899242942
1053,CELL_1053,Paclitaxel,
1054,CELL_1054,Paclitaxel,1.7620008459246306
1055,CELL_1055,Paclitaxel,1.63428375706699
1056,CELL_1056,Paclitaxel,1.5806904457190225
1057,CELL_1057,Paclitaxel,1.2857057324715353
1058,CELL_1058,Paclitaxel,-1.3780863656771345
1059,CELL_1059,Paclitaxel,3.5952111373410167
1060,CELL_1060,Paclitaxel,-1.3324543814745144
1061,CELL_1061,Paclitaxel,-1.0801390278865979
1062,CELL_1062,Paclitaxel,1.0189392490643885
1063,CELL_1063,Paclitaxel,4.918270870537262
1064,CELL_1064,Paclitaxel,5.2323881309450675
1065,CELL_1065,Paclitaxel,1.0433224845349796
1066,CELL_1066,Paclitaxel,1.4789837289567709
1067,CELL_1067,Paclitaxel,
1068,CELL_1068,Paclitaxel,-0.22289689571844495
1069,CELL_1069,Paclitaxel,2.7408567121519676
1070,CELL_1070,Paclitaxel,0.3808167930470674
1071,CELL_1071,Paclitaxel,0.6264747953150163
1072,CELL_1072,Paclitaxel,
1073,CELL_1073,Paclitaxel,
1074,CELL_1074,Paclitaxel,0.5091644263042868
1075,CELL_1075,Paclitaxel,-0.1419953716612128
1076,CELL_1076,Paclitaxel,0.9584205179311174
1077,CELL_1077,Paclitaxel,0.15913643351340356
1078,CELL_1078,Paclitaxel,-1.399977528214864
1079,CELL_1079,Paclitaxel,3.2693316086503397
1080,CELL_1080,Paclitaxel,1.8419737369203075
1081,CELL_1081,Paclitaxel,0.7761493096530298
1082,CELL_1082,Paclitaxel,-0.7548664587635034
1083,CELL_1083,Paclitaxel,-1.2731615947552366
1084,CELL_1084,Paclitaxel,1.7197894249673782
1085,CELL_1085,Paclitaxel,2.0879453551064864
1086,CELL_1086,Paclitaxel,
1087,CELL_1087,Paclitaxel,1.1512444432918085
1088,CELL_1088,Paclitaxel,-1.1893013951663525
1089,CELL_1089,Paclitaxel,
1090,CELL_1090,Paclitaxel,-3.518140364369361
1091,CELL_1091,Paclitaxel,0.07870247558796062
1092,CELL_1092,Paclitaxel,
1093,CELL_1093,Paclitaxel,-0.6284359269173221
1094,CELL_1094,Paclitaxel,3.8083000710113164
1095,CELL_1095,Paclitaxel,2.1170435211566385
1096,CELL_1096,Paclitaxel,1.113668885572422
1097,CELL_1097,Paclitaxel,1.0629066086356747
1098,CELL_1098,Paclitaxel,
1099,CELL_1099,Paclitaxel,-2.341970092878837
1100,CELL_1100,Paclitaxel,3.8224862275063054
1101,CELL_1101,Paclitaxel,3.5056677999285126
1102,CELL_1102,Paclitaxel,-0.8095002840873708
1103,CELL_1103,Paclitaxel,-1.9809394171149366
1104,CELL_1104,Paclitaxel,3.205969629935503
1105,CELL_1105,Paclitaxel,0.31841803117909595
1106,CELL_1106,Paclitaxel,
1107,CELL_1107,Paclitaxel,2.9344047374611426
1108,CELL_1108,Paclitaxel,-0.7921633753202344
1109,CELL_1109,Paclitaxel,1.0112806070216989
1110,CELL_1110,Paclitaxel,-0.9388024481850581
1111,CELL_1111,Paclitaxel,1.8566637933736096
1112,CELL_1112,Paclitaxel,-0.22487604598782096
1113,CELL_1113,Paclitaxel,4.119759641009127
1114,CELL_1114,Paclitaxel,0.8068132568354636
1115,CELL_1115,Paclitaxel,-0.8166613722633436
1116,CELL_1116,Paclitaxel,0.6380854919572579
1117,CELL_1117,Paclitaxel,-5.2043405860035925
1118,CELL_1118,Paclitaxel,0.23876054557326065
1119,CELL_1119,Paclitaxel,0.9555291748095354
1120,CELL_1120,Paclitaxel,
1121,CELL_1121,Paclitaxel,-2.3002161396841907
1122,CELL_1122,Paclitaxel,3.0255990777638595
1123,CELL_1123,Paclitaxel,2.039697300950851
1124,CELL_1124,Paclitaxel,3.939796553601504
1125,CELL_1125,Paclitaxel,3.211853227213405
1126,CELL_1126,Paclitaxel,1.665209201214598
1127,CELL_1127,Paclitaxel,2.2519376879287103
1128,CELL_1128,Paclitaxel,-2.2299113774780723
1129,CELL_1129,Paclitaxel,0.4525732582866423
1130,CELL_1130,Paclitaxel,-0.4546784738948242
1131,CELL_1131,Paclitaxel,1.4958324256238749
1132,CELL_1132,Paclitaxel,0.6734119182120795
1133,CELL_1133,Paclitaxel,5.069038673421261
1134,CELL_1134,Paclitaxel,2.784552254526239
1135,CELL_1135,Paclitaxel,2.1104742477210428
1136,CELL_1136,Paclitaxel,2.35737207010507
1137,CELL_1137,Paclitaxel,2.1476836044124763
1138,CELL_1138,Paclitaxel,3.6554579394680213
1139,CELL_1139,Paclitaxel,3.4326202157917614
1140,CELL_1140,Paclitaxel,3.827906715403458
1141,CELL_1141,Paclitaxel,2.5905039259750717
1142,CELL_1142,Paclitaxel,5.440024716223233
1143,CELL_1143,Paclitaxel,2.0575548262922485
1144,CELL_1144,Paclitaxel,2.80168064819851
1145,CELL_1145,Paclitaxel,-0.2705125658163874
1146,CELL_1146,Paclitaxel,3.095406263367293
1147,CELL_1147,Paclitaxel,-2.7962749020943862
1148,CELL_1148,Paclitaxel,1.7709507687618888
1149,CELL_1149,Paclitaxel,-2.9485531929751296
1150,CELL_1150,Paclitaxel,2.8188403815781613
1151,CELL_1151,Paclitaxel,1.27618146260887
1152,CELL_1152,Paclitaxel,2.0222347025473373
1153,CELL_1153,Paclitaxel,2.3619918586937088
1154,CELL_1154,Paclitaxel,0.4693438572516875
1155,CELL_1155,Paclitaxel,1.0975164070807193
1156,CELL_1156,Paclitaxel,2.858232040545777
1157,CELL_1157,Paclitaxel,1.969118822494814
1158,CELL_1158,Paclitaxel,-1.1543643776653059
1159,CELL_1159,Paclitaxel,4.147958003655244
1160,CELL_1160,Paclitaxel,2.7365255664615438
1161,CELL_1161,Paclitaxel,2.2068251867237283
1162,CELL_1162,Paclitaxel,0.650528402995996
1163,CELL_1163,Paclitaxel,-0.08767810597732506
1164,CELL_1164,Paclitaxel,3.3302906316922902
1165,CELL_1165,Paclitaxel,1.3577773800445574
1166,CELL_1166,Paclitaxel,-1.2398627637010695
1167,CELL_1167,Paclitaxel,0.9595680215962634
1168,CELL_1168,Paclitaxel,-0.46847040578171484
1169,CELL_1169,Paclitaxel,-1.0850979657043682
1170,CELL_1170,Paclitaxel,2.687972331852376
1171,CELL_1171,Paclitaxel,3.918148047390776
1172,CELL_1172,Paclitaxel,4.374714406489344
1173,CELL_1173,Paclitaxel,0.11424162340819688
1174,CELL_1174,Paclitaxel,1.3298355557978847
1175,CELL_1175,Paclitaxel,3.5174827276944995
1176,CELL_1176,Paclitaxel,0.5689851432570168
1177,CELL_1177,Paclitaxel,1.3828244417640607
1178,CELL_1178,Paclitaxel,1.878454101905433
1179,CELL_1179,Paclitaxel,0.21557349491089028
1180,CELL_1180,Paclitaxel,-0.9324138444270267
1181,CELL_1181,Paclitaxel,-1.6275678591878844
1182,CELL_1182,Paclitaxel,2.7619490714955095
1183,CELL_1183,Paclitaxel,-0.8114786046481073
1184,CELL_1184,Paclitaxel,5.504256759699064
1185,CELL_1185,Paclitaxel,1.2213382260532821
1186,CELL_1186,Paclitaxel,1.5971252667566844
1187,CELL_1187,Paclitaxel,-1.6318980310185762
1188,CELL_1188,Paclitaxel,-0.986955458705314
1189,CELL_1189,Paclitaxel,4.172411670670609
1190,CELL_1190,Paclitaxel,1.2193531420334176
1191,CELL_1191,Paclitaxel,
1192,CELL_1192,Paclitaxel,5.372992504323229
1193,CELL_1193,Paclitaxel,4.890284401151876
1194,CELL_1194,Paclitaxel,1.9253716305208437
1195,CELL_1195,Paclitaxel,1.3790863585941147
1196,CELL_1196,Paclitaxel,-3.6242429440698904
1197,CELL_1197,Paclitaxel,0.9636523842924897
1198,CELL_1198,Paclitaxel,-2.004734926705539
1199,CELL_1199,Paclitaxel,3.4761104784987147
3000,CELL_3000,Paclitaxel,1.7820400959129463
3001,CELL_3001,Paclitaxel,2.4651041875954682
3002,CELL_3002,Paclitaxel,1.2572253051690323
3003,CELL_3003,Paclitaxel,2.136267193757725
3004,CELL_3004,Paclitaxel,3.1034811324754425
3005,CELL_3005,Paclitaxel,2.1077351731956093
3006,CELL_3006,Paclitaxel,0.4545487563994507
3007,CELL_3007,Paclitaxel,
3008,CELL_3008,Paclitaxel,2.5331185375466223
3009,CELL_3009,Paclitaxel,0.020113888092609167
3010,CELL_3010,Paclitaxel,2.703421386336381
3011,CELL_3011,Paclitaxel,2.1419892903584814
3012,CELL_3012,Paclitaxel,
3013,CELL_3013,Paclitaxel,0.44271424505656964
3014,CELL_3014,Paclitaxel,3.338817709579816
3015,CELL_3015,Paclitaxel,-1.2983744880526644
3016,CELL_3016,Paclitaxel,0.834265765653898
3017,CELL_3017,Paclitaxel,4.143904049051609
3018,CELL_3018,Paclitaxel,0.5976647187794695
3019,CELL_3019,Paclitaxel,1.7992537223171068
